<Ui xmlns='http://www.blizzard.com/wow/ui/'>
	<Script file='DataTexts.lua'/>

	<Script file='Agility.lua'/>
	<Script file='Armor.lua'/>
	<Script file='Avoidance.lua'/>
	<Script file='Bags.lua'/>
	<Script file='BattleStats.lua'/>
	<Script file='CallToArms.lua'/>
	<Script file='CombatTime.lua'/>
	<Script file='ConfigElvUI.lua'/>
	<Script file='Coordinates.lua'/>
	<Script file='Crit.lua'/>
	<Script file='Currencies.lua'/>
	<Script file='CustomCurrency.lua'/>
	<Script file='Date.lua'/>
	<Script file='Difficulty.lua'/>
	<Script file='DPS.lua'/>
	<Script file='Durability.lua'/>
	<Script file='Experience.lua'/>
	<Script file='Friends.lua'/>
	<Script file='Gold.lua'/>
	<Script file='Guild.lua'/>
	<Script file='Haste.lua'/>
	<Script file='HPS.lua'/>
	<Script file='Intellect.lua'/>
	<Script file='ItemLevel.lua'/>
	<Script file='Leech.lua'/>
	<Script file='Mail.lua'/>
	<Script file='ManaRegen.lua'/>
	<Script file='Mastery.lua'/>
	<Script file='Missions.lua'/>
	<Script file='MovementSpeed.lua'/>
	<Script file='PrimaryStat.lua'/>
	<Script file='Quickjoin.lua'/>
	<Script file='Reputation.lua'/>
	<Script file='SpecSwitch.lua'/>
	<Script file='Speed.lua'/>
	<Script file='Stamina.lua'/>
	<Script file='Strength.lua'/>
	<Script file='System.lua'/>
	<Script file='Time.lua'/>
	<Script file='Versatility.lua'/>
</Ui>
