<Ui xmlns='http://www.blizzard.com/wow/ui/'>
	<Include file='Maps\Load_Maps.xml'/>
	<Include file='Auras\Load_Auras.xml'/>
	<Include file='Nameplates\Load_Nameplates.xml'/>
	<Include file='Tooltip\Load_Tooltip.xml'/>
	<Include file='DataTexts\Load_DataTexts.xml'/>
	<Include file='DataBars\Load_DataBars.xml'/>
	<Include file='ActionBars\Load_ActionBars.xml'/>
	<Include file='UnitFrames\Load_UnitFrames.xml'/>
	<Include file='Chat\Load_Chat.xml'/>
	<Include file='Bags\Load_Bags.xml'/>
	<Include file='Misc\Load_Misc.xml'/>
	<Include file='Skins\Load_Skins.xml'/>
	<Include file='Blizzard\Load_Blizzard.xml'/>
</Ui>
