<Ui xmlns='http://www.blizzard.com/wow/ui/'>
	<Script file='Ace3\LibStub\LibStub.lua'/>
	<Script file='Ace3\CallbackHandler-1.0\CallbackHandler-1.0.lua'/>
	<Include file='Ace3\AceAddon-3.0\AceAddon-3.0.xml'/>
	<Include file='Ace3\AceEvent-3.0\AceEvent-3.0.xml'/>
	<Include file='Ace3\AceConsole-3.0\AceConsole-3.0.xml'/>
	<Include file='Ace3\AceDB-3.0\AceDB-3.0.xml'/>
	<Include file='Ace3\AceLocale-3.0\AceLocale-3.0.xml'/>
	<Include file='Ace3\AceComm-3.0\AceComm-3.0.xml'/>
	<Include file='Ace3\AceSerializer-3.0\AceSerializer-3.0.xml'/>
	<Include file='Ace3\AceTimer-3.0\AceTimer-3.0.xml'/>
	<Include file='Ace3\AceHook-3.0\AceHook-3.0.xml'/>
	<Include file='LibSpellRange-1.0\lib.xml'/>
	<Include file='LibSharedMedia-3.0\lib.xml'/>
	<Script file='LibSimpleSticky\LibSimpleSticky.lua'/>
	<Include file='oUF\oUF.xml'/>
	<Include file='oUF_Plugins\oUF_Plugins.xml'/>
	<Include file='LibActionButton-1.0\LibActionButton-1.0.xml'/>
	<Script file='LibDataBroker\LibDataBroker-1.1.lua'/>
	<Script file='LibDualSpec-1.0\LibDualSpec-1.0.lua'/>
	<Script file='LibElvUIPlugin-1.0\LibElvUIPlugin-1.0.lua'/>
	<Include file='UTF8\UTF8.xml'/>
	<Include file='LibItemSearch-1.2\LibItemSearch-1.2.xml'/>
	<Include file='LibChatAnims\LibChatAnims.xml'/>
	<Include file='LibCompress\lib.xml'/>
	<Include file='LibBase64-1.0\lib.xml'/>
	<Script file='LibAnim\LibAnim.lua'/>
	<Script file='LibTranslit-1.0\LibTranslit-1.0.lua'/>
</Ui>
